title,description,remaining_count,expiration_date
Bali,Travel experience to Bali,5,19/11/2030
Madeira,Adventure in Madeira,4,20/11/2030
Paris trip,Explore the city of Paris,3,21/11/2030
F1 stage,Exclusive access to F1 event,2,22/11/2030
Hot air balloon,Ride a hot air balloon,1,23/11/2021
Route 66,Drive through historic Route 66,0,24/11/2022
Milano,Tour the fashion capital Milano,1,25/11/2030
Italy,Explore Italy’s historical places,2,26/11/2030
Rome,Visit ancient Rome landmarks,5,27/11/2030
France,Experience the best of France,4,28/11/2030
